job,age,Count_Chose,Count_Never_Chose,Perc_Yes,Perc_No
"Berufstätig, Teilzeit",18-34 Jahre,104,112,0.48148148148148145,0.5185185185185186
"Berufstätig, Teilzeit",35-49 Jahre,50,96,0.3424657534246575,0.6575342465753424
"Berufstätig, Teilzeit",50+ Jahre,87,119,0.4223300970873786,0.5776699029126213
"Berufstätig, Vollzeit",18-34 Jahre,238,274,0.46484375,0.53515625
"Berufstätig, Vollzeit",35-49 Jahre,290,390,0.4264705882352941,0.5735294117647058
"Berufstätig, Vollzeit",50+ Jahre,202,310,0.39453125,0.60546875
in Ausbildung,18+ Jahre,95,85,0.5277777777777778,0.4722222222222222
Nicht berufstätig,18+ Jahre,95,85,0.5277777777777778,0.4722222222222222
