job,age,Count_Chose,Count_Never_Chose,Perc_Yes,Perc_No
"Berufstätig, Teilzeit",18-34 Jahre,44,52,0.4583333333333333,0.5416666666666667
"Berufstätig, Teilzeit",35-49 Jahre,14,32,0.30434782608695654,0.6956521739130435
"Berufstätig, Teilzeit",50+ Jahre,36,43,0.45569620253164556,0.5443037974683544
"Berufstätig, Vollzeit",18-34 Jahre,63,121,0.3423913043478261,0.6576086956521738
"Berufstätig, Vollzeit",35-49 Jahre,75,154,0.32751091703056767,0.6724890829694323
"Berufstätig, Vollzeit",50+ Jahre,37,117,0.24025974025974026,0.7597402597402597
in Ausbildung,18+ Jahre,31,45,0.40789473684210525,0.5921052631578947
Nicht berufstätig,18+ Jahre,31,45,0.40789473684210525,0.5921052631578947
